Crop,Year,Production,Area,Export,Import,SSR,IDR,PCAFC,DES
Barley,2006,4003,7494,,5,99.88,0.12,4.92,16.35
Buckwheat,2006,9353,21413,0,1,99.99,0.01,33.45,110.4
Maize,2006,71062,75413,0,575.59,99.2,0.8,101.93,362.86
Millet,2006,8785,20978,,985,89.92,10.08,18.21,61.9
Rice,2006,74380,67566,0.01,34315.55,58.49,41.51,363.77,1309.57
Wheat,2006,9586,17515,4633.23,7583.55,104.25,46.14,25.78,93.85
Mustard,2006,3706,13123,3.58,1576.74,43.74,56.39,4.81,22.57
Kidney bean,2006,1279,2908,69.53,0,105.75,0,4.83,16.48
Lentil,2006,47.02,177.65,17.27,1186.05,3.87,97.55,5.1,17.64
Mungbean,2006,549,1336,0,0,100,0,2.35,8.05
Soya bean,2006,1419,3196,10.69,66.41,96.22,4.5,6.2,20.76
Asparagus,2006,981,,1.6,0,100.16,0,3.01,0.36
Beans,2006,4632,,12,136,97.39,2.86,17.08,8.54
Brinjal,2006,1577,,0,68.21,95.85,4.15,6.63,1.39
Broccoli,2006,335,,0,13.99,95.99,4.01,1.33,0.45
Bulb Onion,2006,646,,0,1880.56,25.57,74.43,10.84,2.98
Cabbage,2006,4298,,126,1150,80.76,21.61,21.63,4.11
Carrot,2006,997,,78,71.6,100.65,7.23,3.88,1.48
Cauliflower,2006,798,,0,633.61,55.74,44.26,5.85,0.53
Chilli,2006,11606,,24,1357.42,89.69,10.49,53.57,13.39
Cucumber,2006,2587.54,,0,271.82,90.49,9.51,12.18,1.58
Green leaves,2006,4385,,0,4,37.8,62.2,16.05,2.57
Lady finger,2006,24,,0,0,100,0,0.07,0.02
Peas,2006,2899,,133,85.98,101.65,3.01,8.84,16.71
"Pumpkin, squash & gourd",2006,6071,,0,0,100,0,23.01,4.37
Mushroom,2006,35.31,,1.48,19.79,65.85,36.91,0.22,0.35
Radish,2006,10218,,0,0,100,0,38.74,12.01
Tomato,2006,1108,,0,1823,37.8,62.2,11.98,2.04
Turnip,2006,12914,,0,0,100,0,48.96,13.71
Apple,2006,7406,,5389.1,57.6,357,2.78,4.96,2.38
Areca nut,2006,6400,,1222.58,336.38,116.07,6.1,22.31,76.29
Ba,2006,3413,,,366.1,90.31,9.69,15.79,9.47
Guava,2006,1667,,,20.3,98.8,1.2,6.19,4.21
Jackfruit,2006,335.98,,,,100,0,1.39,1.32
Litchi,2006,141.17,,,,100,0,0.59,0.39
Mandarin,2006,55558,,16390.6,30,141.74,0.08,132.69,70.33
Mango,2006,886,,,538.05,62.22,37.78,5.84,2.63
Papaya,2006,125.57,,,24.8,83.5,16.5,0.63,0.16
Passion fruits,2006,141.57,,,,100,0,0.59,0.57
Peach,2006,2421,,,,100,0,8.85,2.92
Pear,2006,1424,,,8.3,99.42,0.58,4.8,2.74
Persimmon,2006,162.85,,,,100,0,0.69,0.57
Pineapple,2006,500.36,,,355.33,58.47,41.53,3.19,0.83
Plum,2006,1086,,,,100,0,3.97,2.07
Pomegrante,2006,125.97,,,,100,0,0.5,0.42
Walnut,2006,631,,,,100,0,2.73,7.89
Potato,2006,68048,17628,13882.88,3265.89,118.49,5.69,151.9,101.78
Tapioca,2006,1702.69,1567.83,0,0,100,0,6.61,7.2
Cardamom,2006,3477,9991,615.2,0.98,121.46,0.03,12.77,39.71
Garlic,2006,803,1519,0,20.01,97.57,2.43,2.09,2.71
Ginger,2006,7571,4425,488.7,18.63,106.62,0.26,24.52,85.08
Barley,2007,4835,9698,,122,97.54,2.46,6.01,19.97
Buckwheat,2007,8105,21700,0,2,99.98,0.02,28.22,93.12
Maize,2007,61789,71002,0,2429.5,96.22,3.78,89.7,319.34
Millet,2007,8779,21486,,874,90.95,9.05,17.68,60.12
Rice,2007,74438,67564,109,46540.65,51.03,49.09,410.95,1479.43
Wheat,2007,8879,16982,0,9162.93,64.44,35.56,43.81,159.48
Mustard,2007,3385,14305,4.41,548.92,67.23,33.04,6.69,31.39
Kidney bean,2007,1988,4367,56.03,0.75,102.86,0.04,7.64,26.05
Lentil,2007,42.35,204.84,16.1,446.29,8.96,94.44,1.84,6.36
Mungbean,2007,1153,2024,0,0,100,0,4.86,16.62
Soya bean,2007,1413,4589,6.3,603.04,70.31,30.01,8.44,28.28
Asparagus,2007,1110,,3.5,0.6,100.26,0.05,3.35,0.4
Beans,2007,3946,,9,143,96.72,3.5,14.43,7.22
Brinjal,2007,644,,0,46.82,93.22,6.78,2.75,0.58
Broccoli,2007,473,,0,13.65,97.19,2.81,1.82,0.62
Bulb Onion,2007,779,,0,830.34,48.4,51.6,6.54,1.8
Cabbage,2007,4462,,200,116.27,101.91,2.66,17.05,3.24
Carrot,2007,668,,131,49,113.99,8.36,2.22,0.84
Cauliflower,2007,649,,0,618.35,51.21,48.79,5.13,0.46
Chilli,2007,8368,,21.2,428,95.36,4.88,35.54,8.89
Cucumber,2007,2570.32,,0,274.73,90.34,9.66,11.91,1.55
Green leaves,2007,3694,,0,0,53.13,46.87,13.28,2.13
Lady finger,2007,24,,0,0,100,0,0.07,0.02
Peas,2007,1714,,71,49.45,101.27,2.92,5.17,9.76
"Pumpkin, squash & gourd",2007,6972,,0,0,100,0,25.99,4.94
Mushroom,2007,57.71,,4.99,13.83,86.71,20.78,0.26,0.41
Radish,2007,10539,,0,0,100,0,39.28,12.18
Tomato,2007,951,,0,839,53.13,46.87,6.93,1.18
Turnip,2007,15104,,0,0,100,0,56.3,15.76
Apple,2007,7076,,3211.1,35.55,181.41,0.91,13.07,6.27
Areca nut,2007,6569,,2030.9,532.39,129.55,10.5,19.93,68.16
Ba,2007,3974,,,364.7,91.59,8.41,17.81,10.68
Guava,2007,2213,,,13.4,99.4,0.6,8.02,5.45
Jackfruit,2007,357.48,,,,100,0,1.46,1.38
Litchi,2007,143.23,,,,100,0,0.59,0.39
Mandarin,2007,72071,,17092.8,26.1,131.03,0.05,187.47,99.36
Mango,2007,670,,,602.7,52.64,47.36,5.2,2.34
Papaya,2007,120.68,,,24.25,83.27,16.73,0.6,0.16
Passion fruits,2007,133.83,,,,100,0,0.55,0.53
Peach,2007,3136,,,,100,0,11.28,3.72
Pear,2007,2203,,,8.1,99.63,0.37,7.28,4.15
Persimmon,2007,153.89,,,,100,0,0.64,0.53
Pineapple,2007,463.63,,,347.46,57.16,42.84,2.99,0.78
Plum,2007,1039,,,,100,0,3.74,1.94
Pomegrante,2007,107.98,,,,100,0,0.42,0.35
Walnut,2007,820,,,,100,0,3.49,10.08
Potato,2007,61133,14782,14396.98,335.09,129.87,0.71,120.95,81.03
Tapioca,2007,2106,1775,0,0,100,0,8.03,8.76
Cardamom,2007,2121,8379,731.27,0.35,152.58,0.03,6.1,18.96
Garlic,2007,622,1259,0,31.53,95.18,4.82,1.58,2.05
Ginger,2007,9870,5098,1432.66,12.02,116.81,0.14,28.87,100.17
Barley,2008,2050.76,3247.73,,41,98.04,1.96,2.63,8.74
Buckwheat,2008,5137.54,8494.53,0,1,99.98,0.02,18.07,59.63
Maize,2008,66779.81,67278.76,0,4575.11,93.59,6.41,98.49,350.64
Millet,2008,5024.04,8696.37,,926,84.44,15.56,10.74,36.52
Rice,2008,77314,47830.78,90,52190.4,49.1,50.99,438.14,1577.32
Wheat,2008,5647.34,7879.46,141.99,6484.68,99.31,3.19,16.02,58.3
Mustard,2008,3353.4,13714,6.59,1339.39,45.36,54.91,9.95,46.65
Kidney bean,2008,705.69,1293,51.26,0,107.83,0,2.56,8.74
Lentil,2008,38.96,214,13.72,1364.1,2.8,98.18,5.64,19.52
Mungbean,2008,251.22,807.78,0,0,100,0,1.04,3.56
Soya bean,2008,729.04,1441,4.44,496.2,59.72,40.65,5.08,17.01
Asparagus,2008,177,,5,0,102.91,0,0.51,0.06
Beans,2008,3459,,7,163,95.68,4.51,12.61,6.3
Brinjal,2008,319,,0,80.81,79.79,20.21,1.59,0.33
Broccoli,2008,400,,0,15.14,96.35,3.65,1.53,0.52
Bulb Onion,2008,1702,,0,1948.17,46.63,53.37,14.64,4.03
Cabbage,2008,1553,,474,1150,69.67,51.59,8.88,1.69
Carrot,2008,363,,122,62,119.8,20.46,1.12,0.43
Cauliflower,2008,371,,0,685.86,35.1,64.9,4.32,0.39
Chilli,2008,7312,,26,1631.38,82,18.29,35.94,8.99
Cucumber,2008,2626.74,,0,269.95,90.68,9.32,11.93,1.55
Green leaves,2008,5144,,0,0.48,20.55,79.46,18.2,2.91
Lady finger,2008,24,,0,0,100,0,0.07,0.02
Peas,2008,753,,96,150.61,93.24,18.65,2.51,4.74
"Pumpkin, squash & gourd",2008,2524,,0,0,100,0,9.25,1.76
Mushroom,2008,60.89,,8.35,31.7,72.29,37.63,0.33,0.53
Radish,2008,5977,,0,0,100,0,21.91,6.79
Tomato,2008,517,,0.4,1999,20.55,79.46,10.36,1.76
Turnip,2008,5080,,0,0,100,0,18.63,5.22
Apple,2008,5410,,4947.2,38.6,1078.98,7.7,0,0
Areca nut,2008,4081.6,,2424.89,349.73,203.42,17.43,7.25,24.78
Ba,2008,3693.5,,,321.95,91.98,8.02,16.21,9.72
Guava,2008,792,,,64.17,92.5,7.5,3.08,2.09
Jackfruit,2008,329.36,,,,100,0,1.32,1.26
Litchi,2008,137.42,,,,100,0,0.56,0.37
Mandarin,2008,42589.96,,20346.25,18.6,191.31,0.08,64.8,34.34
Mango,2008,610,,,643.22,48.67,51.33,5.06,2.28
Papaya,2008,129.26,,,23.87,84.41,15.59,0.62,0.16
Passion fruits,2008,116.88,,,,100,0,0.47,0.45
Peach,2008,2134,,,,100,0,7.55,2.49
Pear,2008,1205,,,15.38,98.74,1.26,3.96,2.26
Persimmon,2008,168.67,,,,100,0,0.69,0.57
Pineapple,2008,585.22,,,353.68,62.33,37.67,3.34,0.87
Plum,2008,405,,,,100,0,1.43,0.74
Pomegrante,2008,142.23,,,,100,0,0.55,0.45
Walnut,2008,345,,,,100,0,1.44,4.17
Potato,2008,52959.43,13469,14950.41,3664.51,127.08,8.79,103.68,69.47
Tapioca,2008,1299.38,1360.67,0,0,100,0,4.88,5.31
Cardamom,2008,942.26,4682.67,576,0.41,256.98,0.11,1.58,4.92
Garlic,2008,2080.41,1748,0,45.3,97.87,2.13,7.3,9.5
Ginger,2008,3135.01,2692.33,1526.03,1.57,194.66,0.1,3.56,12.34
Barley,2009,2398,4956,,49,98,2,2.84,9.42
Buckwheat,2009,3859,9526,0,1,99.97,0.03,13.08,43.16
Maize,2009,61161,70603,0,4608.41,92.99,7.01,89.02,316.92
Millet,2009,4231,10121,,835,83.52,16.48,8.99,30.57
Rice,2009,65763,58609,119,53473.65,44.48,55.64,403.93,1454.16
Wheat,2009,3679,7709,2048.48,10049.33,100.5,55.46,10,36.39
Mustard,2009,1741,5570,16.37,1295.33,31,69.89,7.59,35.58
Kidney bean,2009,576,1393,48.26,1.8,108.77,0.34,2,6.81
Lentil,2009,44.8,233.86,20.26,1221.7,3.59,98.03,4.95,17.12
Mungbean,2009,253,942,0,0,100,0,1.03,3.53
Soya bean,2009,546,1667,27.83,702.62,44.72,57.55,5.04,16.9
Asparagus,2009,325,,2.3,0,100.71,0,0.94,0.11
Beans,2009,1823,,4,174,91.47,8.73,6.91,3.46
Brinjal,2009,406,,0,46.65,89.69,10.31,1.75,0.37
Broccoli,2009,176,,0,14.64,92.32,7.68,0.7,0.24
Bulb Onion,2009,392,,0,2015.8,16.28,83.72,9.97,2.74
Cabbage,2009,1776,,283,1175,66.57,44.04,10.5,1.99
Carrot,2009,277,,139,75,130.05,35.21,0.76,0.29
Cauliflower,2009,364,,0.55,663.36,35.45,64.6,4.13,0.37
Chilli,2009,8887,,22,1647.53,84.54,15.67,41.61,10.4
Cucumber,2009,2565.56,,0,270.78,90.45,9.55,11.5,1.49
Green leaves,2009,2224,,0,0,20.4,79.61,7.74,1.24
Lady finger,2009,24,,0,0,100,0,0.07,0.02
Peas,2009,676,,73,128.13,92.46,17.52,2.24,4.24
"Pumpkin, squash & gourd",2009,8717,,0,0,100,0,31.46,5.98
Mushroom,2009,36.21,,2.28,5.8,91.15,14.59,0.15,0.24
Radish,2009,5672,,0,0,100,0,20.47,6.34
Tomato,2009,564,,0.14,2201,20.4,79.61,11.21,1.91
Turnip,2009,9368,,0,0,100,0,33.8,9.47
Apple,2009,15086,,7015.55,39.12,186.03,0.48,26.1,12.53
Areca nut,2009,6375,,1978.4,550.39,128.87,11.13,18.84,64.42
Ba,2009,2183,,,351.8,86.12,13.88,10.11,6.07
Guava,2009,955,,,0.65,99.93,0.07,3.33,2.26
Jackfruit,2009,321.09,,,,100,0,1.27,1.2
Litchi,2009,142.87,,,,100,0,0.57,0.38
Mandarin,2009,44177,,28124.9,33.4,274.64,0.21,36.41,19.29
Mango,2009,315,,,618.5,33.74,66.26,3.79,1.71
Papaya,2009,126.77,,,26.3,82.82,17.18,0.61,0.16
Passion fruits,2009,174,,,,100,0,0.69,0.67
Peach,2009,1234,,,,100,0,4.3,1.42
Pear,2009,1109,,,20.21,98.21,1.79,3.62,2.06
Persimmon,2009,166,,,,100,0,0.67,0.55
Pineapple,2009,452.24,,,364.85,55.35,44.65,2.93,0.76
Plum,2009,434,,,,100,0,1.51,0.79
Pomegrante,2009,127.7,,,,100,0,0.48,0.4
Walnut,2009,236,,,,100,0,0.97,2.81
Potato,2009,46161,12156,24583.84,2717.73,190,11.19,41.22,27.62
Tapioca,2009,492.75,946.33,0,0,100,0,1.82,1.98
Cardamom,2009,433,5133,547.93,0.44,-378.2,-0.39,0,0
Garlic,2009,629,1436,0,27.43,95.82,4.18,1.37,1.78
Ginger,2009,3766,2546,1443.35,6.18,161.71,0.27,6.49,22.53
Barley,2010,1445,2654,,11.92,99.18,0.82,1.7,5.64
Buckwheat,2010,3950,7504,0.5,2,99.96,0.05,13.38,44.17
Maize,2010,57663,61476,0,6658.02,89.65,10.35,86.03,306.26
Millet,2010,4066,8454,,656,86.11,13.89,8.26,28.07
Rice,2010,71637,56375,375,52028.85,47.41,52.97,406.81,1464.52
Wheat,2010,4873,5565,532.47,7708.84,40,64.37,39.08,142.24
Mustard,2010,1332,3106,6.95,1165.36,27.51,72.93,6.48,30.37
Kidney bean,2010,471,1362,63.53,0,115.59,0,1.47,5.03
Lentil,2010,51,252.17,49.35,1534.25,3.32,99.89,6.03,20.86
Mungbean,2010,319,654,0,0,100,0,1.28,4.38
Soya bean,2010,402,1354,19.33,1383.83,22.76,78.34,7.28,24.4
Asparagus,2010,76,,2.77,0,103.78,0,0.21,0.02
Beans,2010,1443,,10,135.8,91.98,8.66,5.35,2.68
Brinjal,2010,296,,0,55.6,84.19,15.81,1.35,0.28
Broccoli,2010,124,,0,15.8,88.7,11.3,0.51,0.17
Bulb Onion,2010,243,,0,2185.92,10,90,10,2.75
Cabbage,2010,1299,,752,1150.39,76.53,67.77,6.5,1.23
Carrot,2010,205,,130,55.99,156.5,42.74,0.44,0.17
Cauliflower,2010,329,,0.58,715.64,31.51,68.54,4.16,0.37
Chilli,2010,6696,,7.89,1613.06,80.66,19.43,32.47,8.12
Cucumber,2010,2518.67,,0,283.45,89.88,10.12,11.19,1.45
Green leaves,2010,1708,,0,7.89,9.79,90.21,5.89,0.94
Lady finger,2010,24,,0,0,100,0,0.07,0.02
Peas,2010,355,,65,270.01,63.39,48.22,1.9,3.58
"Pumpkin, squash & gourd",2010,6160,,0,0,100,0,21.89,4.16
Mushroom,2010,76.95,,1.49,10.71,89.3,12.43,0.32,0.51
Radish,2010,3882,,0,0,100,0,13.8,4.28
Tomato,2010,223,,0,2055.08,9.79,90.21,9.32,1.58
Turnip,2010,2638,,0,0,100,0,9.37,2.62
Apple,2010,17337,,7060.55,51.35,167.87,0.5,33.76,16.2
Areca nut,2010,7280,,3794.59,679.44,174.8,16.31,14.98,51.22
Ba,2010,2208,,,432.23,83.63,16.37,10.39,6.24
Guava,2010,864,,,88.92,90.67,9.33,3.33,2.27
Jackfruit,2010,422,,,,100,0,1.64,1.56
Litchi,2010,149.4,,,,100,0,0.59,0.39
Mandarin,2010,52621,,22484.09,31.25,174.43,0.1,88.73,47.03
Mango,2010,398,,,509.79,43.84,56.16,3.58,1.61
Papaya,2010,106,,,22.59,82.43,17.57,0.51,0.13
Passion fruits,2010,110.63,,,,100,0,0.43,0.42
Peach,2010,779,,,,100,0,2.67,0.88
Pear,2010,758,,,19.15,97.54,2.46,2.46,1.4
Persimmon,2010,127,,,,100,0,0.5,0.41
Pineapple,2010,353.43,,,323.84,52.18,47.82,2.42,0.63
Plum,2010,357,,,,100,0,1.22,0.64
Pomegrante,2010,54,,,,100,0,0.2,0.17
Walnut,2010,213,,,,100,0,0.86,2.5
Potato,2010,44014,9266,18745.18,4018.99,150.28,13.72,71.46,47.88
Tapioca,2010,537,629,0,0,100,0,1.95,2.13
Cardamom,2010,1163,4771,476.22,0.16,169.3,0.02,2.87,8.93
Garlic,2010,485,881,0,9.28,98.12,1.88,1.2,1.56
Ginger,2010,4074,2168,1108.29,4.83,137.15,0.16,9.28,32.22
Barley,2011,3110,3927,,0,100,0,3.82,12.7
Buckwheat,2011,8377,10547,1.23,16,99.82,0.19,28.38,93.64
Maize,2011,79827,70312,0,9671.43,89.19,10.81,118.11,420.47
Millet,2011,7064,9194,,784,90.01,9.99,13.5,45.88
Rice,2011,78730,59609,80.2,54052.48,48.67,51.41,427.72,1539.79
Wheat,2011,6266,5802,8296.54,20323.73,18.2,105.9,98.84,359.76
Mustard,2011,2344,3101,16.58,1244.32,38.65,62.18,7.88,36.95
Kidney bean,2011,873,1124,41.39,0.52,104.91,0.06,3.17,10.81
Lentil,2011,58,101,86.45,1600.74,3.69,101.81,6.15,21.26
Mungbean,2011,579,718,0,0,100,0,2.28,7.81
Soya bean,2011,826,1302,4.7,625.69,57.08,43.24,5.74,19.22
Asparagus,2011,231,,0.65,0,100.28,0,0.65,0.08
Beans,2011,2111,,3.7,158,93.19,6.97,7.57,3.78
Brinjal,2011,255,,0,120.04,67.99,32.01,1.44,0.3
Broccoli,2011,270,,0,17.91,93.78,6.22,1.02,0.35
Bulb Onion,2011,285,,0,1785.58,13.76,86.24,8.33,2.29
Cabbage,2011,2130,,705,1380,75.94,49.2,10.55,2.01
Carrot,2011,387,,158,78,126.06,25.41,1.07,0.41
Cauliflower,2011,2130,,2.7,811.09,72.49,27.6,10.75,0.97
Chilli,2011,8121,,14.34,4905.44,62.41,37.7,50.76,12.69
Cucumber,2011,2796,,0,255.61,91.62,8.38,11.95,1.55
Green leaves,2011,2510,,0,0,21.48,78.52,8.45,1.35
Lady finger,2011,27,,0,0,100,0,0.08,0.02
Peas,2011,770,,86,200.72,87.03,22.69,2.68,5.07
"Pumpkin, squash & gourd",2011,5695,,0,0,100,0,19.87,3.78
Mushroom,2011,62.95,,1.72,12.01,85.96,16.4,0.27,0.43
Radish,2011,4865,,0,0,100,0,16.98,5.26
Tomato,2011,559,,0,2044,21.48,78.52,10.18,1.73
Turnip,2011,7823,,0,0,100,0,27.3,7.64
Apple,2011,20752,,5764.13,24.3,138.23,0.16,50.56,24.27
Areca nut,2011,9781,,2541.35,270.52,130.24,3.6,27.62,94.47
Ba,2011,2439,,,438.25,84.77,15.23,11.11,6.67
Guava,2011,950,,,2.34,99.75,0.25,3.21,2.18
Jackfruit,2011,245,,,,100,0,0.94,0.89
Litchi,2011,120,,,,100,0,0.46,0.31
Mandarin,2011,60993,,18928.34,49.55,144.83,0.12,130.34,69.08
Mango,2011,451,,,416.56,51.98,48.02,3.32,1.49
Papaya,2011,155,,,22.71,87.22,12.78,0.69,0.18
Passion fruits,2011,66,,,,100,0,0.25,0.24
Peach,2011,1649,,,,100,0,5.55,1.83
Pear,2011,1354,,,5.92,99.56,0.44,4.19,2.39
Persimmon,2011,213,,,,100,0,0.83,0.68
Pineapple,2011,950,,,372.36,71.84,28.16,4.34,1.13
Plum,2011,565,,,,100,0,1.9,0.99
Pomegrante,2011,245,,,,100,0,0.9,0.74
Walnut,2011,474,,,,100,0,1.89,5.46
Potato,2011,52116,15609,24484.99,5206.27,158.71,15.85,57.25,38.36
Tapioca,2011,448.5,435,0,0,100,0,1.6,1.75
Cardamom,2011,650,4144,427,1.36,289.71,0.61,0.92,2.86
Garlic,2011,584,1433,0,9.78,98.35,1.65,1.08,1.4
Ginger,2011,4533,3363,1272.02,10.72,138.55,0.33,9.04,31.37
Barley,2012,2356,3273,,0.06,100,0,2.8,9.29
Buckwheat,2012,4303.08,6851,1.88,352,92.48,7.56,15.37,50.72
Maize,2012,73024,63488,0,17966.93,80.25,19.75,118.23,420.9
Millet,2012,3965,5462,,,100,0,6.69,22.76
Rice,2012,78013.98,52252,59.95,72500.76,41.18,58.87,493.19,1775.47
Wheat,2012,5038.14,5540,9018.16,13238.75,25.66,120.27,56.46,205.5
Mustard,2012,790,2687,5.31,1488.69,14.95,85.36,6.91,32.41
Kidney bean,2012,514,1150,16.79,2.1,102.94,0.42,1.81,6.18
Lentil,2012,19,60,85.36,2969.6,0.65,102.29,11.3,39.11
Mungbean,2012,165,365,1.6,0,100.98,0,0.63,2.16
Soya bean,2012,294,979,1.33,159.62,65,35.29,1.75,5.87
Asparagus,2012,149,,1.52,0,101.03,0,0.41,0.05
Beans,2012,2479,,42.9,220,93.33,8.28,8.71,4.36
Brinjal,2012,374,,0,116.92,76.18,23.82,1.83,0.38
Broccoli,2012,363,,0,19.27,94.96,5.04,1.32,0.45
Bulb Onion,2012,264,,0,3409.36,7.19,92.81,14.65,4.03
Cabbage,2012,3413,,1057.18,1404,90.78,37.34,13.65,2.59
Carrot,2012,585,,352.47,110,170.79,32.11,1.1,0.42
Cauliflower,2012,829,,4.06,872.73,48.83,51.41,6.34,0.57
Chilli,2012,7725.52,,89.57,2287.42,77.85,23.05,37.52,9.38
Cucumber,2012,2382,,0,273.28,89.71,10.29,10.23,1.33
Green leaves,2012,2414,,0,0,13.09,86.95,7.98,1.28
Lady finger,2012,13,,0,0,100,0,0.04,0.01
Peas,2012,779,,268.84,259.98,101.15,33.76,2.16,4.09
"Pumpkin, squash & gourd",2012,6892,,12.42,40,99.6,0.58,23.73,4.51
Mushroom,2012,76.63,,2.24,26.42,76.02,26.2,0.37,0.59
Radish,2012,5245,,254.77,0,105.11,0,16.95,5.25
Tomato,2012,337,,0.97,2239,13.09,86.95,10.09,1.71
Turnip,2012,7994,,0,0,100,0,27.4,7.67
Apple,2012,7666,,3410.33,42.97,178.34,1,13.32,6.39
Areca nut,2012,7788.4,,4493.82,279.08,217.94,7.81,11.9,40.69
Ba,2012,2323.5,,,248.94,90.32,9.68,9.72,5.83
Guava,2012,732,,,15.19,97.97,2.03,2.48,1.69
Jackfruit,2012,296.27,,,,100,0,1.11,1.06
Litchi,2012,159.2,,,,100,0,0.6,0.4
Mandarin,2012,49501,,24432.13,81.66,196.82,0.32,67.49,35.77
Mango,2012,743,,,572.98,56.46,43.54,4.92,2.21
Papaya,2012,119.31,,,33.59,78.03,21.97,0.58,0.15
Passion fruits,2012,140.88,,,,100,0,0.53,0.51
Peach,2012,1614,,,,100,0,5.34,1.76
Pear,2012,2166,,,8.06,99.63,0.37,6.58,3.75
Persimmon,2012,204,,,,100,0,0.78,0.64
Pineapple,2012,53.29,,,398.36,11.8,88.2,1.76,0.46
Plum,2012,695,,,,100,0,2.3,1.2
Pomegrante,2012,84.09,,,,100,0,0.3,0.25
Walnut,2012,414,,,,100,0,1.62,4.68
Potato,2012,43000,12548,19059.17,5284.21,147.13,18.08,55.47,37.16
Tapioca,2012,360,241,0,0,100,0,1.26,1.38
Cardamom,2012,643,5084,618.96,2.31,2440.23,8.77,0.11,0.33
Garlic,2012,644,1273,0,39.09,94.28,5.72,1.55,2.02
Ginger,2012,5014,1985,1448.34,2.14,140.53,0.06,11.38,39.49
Barley,2013,2009,2867,,1.75,99.91,0.09,2.34,7.75
Buckwheat,2013,3641.29,6591,1,11,99.73,0.3,11.75,38.77
Maize,2013,75715,58338,0,19911.2,79.18,20.82,122.37,435.65
Millet,2013,2951,5053,,,100,0,4.89,16.63
Rice,2013,75228,48361,118,72774.86,40.23,59.87,478.46,1722.47
Wheat,2013,4286.29,5441,7828.42,20940.41,22.54,118.63,54.1,196.92
Mustard,2013,995,3148,4.1,1424.19,18.78,81.45,6.78,31.78
Kidney bean,2013,965,1724,13.83,0.71,101.38,0.07,3.45,11.77
Lentil,2013,22,368,110.11,3037.36,0.75,102.99,11.11,38.44
Mungbean,2013,315,625,3.2,0.17,100.97,0.05,1.19,4.06
Soya bean,2013,424,1195,6.5,226.1,65.88,35.13,2.45,8.2
Asparagus,2013,283,,0,0,100,0,0.77,0.09
Beans,2013,2636,,70.5,294,92.18,10.28,9.24,4.62
Brinjal,2013,362,,0,558.71,39.32,60.68,3.5,0.74
Broccoli,2013,814,,0,22.85,97.27,2.73,2.83,0.96
Bulb Onion,2013,420,,0,2815.34,12.98,87.02,12.57,3.46
Cabbage,2013,3961,,1426.26,1331,102.46,34.43,13.59,2.58
Carrot,2013,755,,417,193,142.18,36.35,1.74,0.66
Cauliflower,2013,922,,7.43,1035.15,47.29,53.09,7.18,0.65
Chilli,2013,8508,,103,2278.91,79.63,21.33,39.63,9.91
Cucumber,2013,2378,,0,321.47,88.09,11.91,10.22,1.33
Green leaves,2013,2063,,0,0,32.72,67.29,6.7,1.07
Lady finger,2013,31,,0,0,100,0,0.08,0.03
Peas,2013,1180,,405,341.46,105.69,30.58,3.02,5.71
"Pumpkin, squash & gourd",2013,6461,,4.13,75,98.92,1.15,22.04,4.19
Mushroom,2013,76.85,,2.17,23.22,78.5,23.72,0.35,0.56
Radish,2013,4534,,174.87,0,104.01,0,14.58,4.52
Tomato,2013,961,,0.35,1976,32.72,67.29,10.8,1.84
Turnip,2013,9757,,0,0,100,0,32.86,9.2
Apple,2013,8032,,4314.23,43.63,213.54,1.16,10.77,5.17
Areca nut,2013,6249,,3535.94,149.72,218.28,5.23,9.36,32.02
Ba,2013,1489,,,448.53,76.85,23.15,7.26,4.36
Guava,2013,592,,,2.43,99.59,0.41,1.93,1.31
Jackfruit,2013,773,,,,100,0,2.85,2.71
Litchi,2013,169,,,,100,0,0.63,0.42
Mandarin,2013,33469,,24975.37,66.97,390.97,0.78,11.37,6.03
Mango,2013,656,,,557.54,54.06,45.94,4.47,2.01
Papaya,2013,106,,,54.41,66.08,33.92,0.61,0.16
Passion fruits,2013,125,,,,100,0,0.46,0.45
Peach,2013,1148,,,,100,0,3.73,1.23
Pear,2013,1697,,,11.97,99.3,0.7,5.09,2.9
Persimmon,2013,225,,,,100,0,0.85,0.69
Pineapple,2013,57,,,200.79,22.11,77.89,0.96,0.25
Plum,2013,744,,,,100,0,2.42,1.26
Pomegrante,2013,101,,,,100,0,0.36,0.3
Walnut,2013,350,,,,100,0,1.35,3.89
Potato,2013,50390,13391,21871.25,5282.62,149.08,15.63,67.47,45.21
Tapioca,2013,355,406,0,0,100,0,1.22,1.33
Cardamom,2013,1162,6904,822.68,22.36,321.28,6.18,1.43,4.46
Garlic,2013,752,1744,0,39.12,95.06,4.94,1.53,1.99
Ginger,2013,3756,2489,1226.4,0.12,148.47,0,6.86,23.79
Barley,2014,1753,2447,,0,100,0,2.01,6.67
Buckwheat,2014,2583,4762,1.12,6,99.81,0.23,8.18,26.98
Maize,2014,77244,58938,0,21788.35,78,22,124.6,443.58
Millet,2014,2362,4264,,,100,0,3.85,13.08
Rice,2014,77038,48873,7.2,79498.98,38.65,61.36,501.38,1804.99
Wheat,2014,3465,4910,6521.17,22626.1,17.54,115.47,56.13,204.31
Mustard,2014,867,2783,6.49,1346.76,17.59,82.81,6.2,29.09
Kidney bean,2014,991,1668,10.22,0,101.04,0,3.51,11.96
Lentil,2014,74,269,135.79,2663.57,2.84,102.37,9.61,33.25
Mungbean,2014,577,1171,0,0,100,0,2.16,7.38
Soya bean,2014,301,710,4.18,669.25,31.16,69.28,3.69,12.37
Asparagus,2014,205,,0.16,0,100.08,0,0.55,0.07
Beans,2014,2830,,63.27,296,92.4,9.66,9.72,4.86
Brinjal,2014,485,,0,653.11,42.61,57.39,4.24,0.89
Broccoli,2014,1010,,0,26.48,97.45,2.55,3.45,1.17
Bulb Onion,2014,757,,0,3100.29,19.63,80.37,14.58,4.01
Cabbage,2014,4364,,1717.04,1544,104.13,36.84,14.45,2.75
Carrot,2014,746,,474.28,219,152.02,44.63,1.56,0.59
Cauliflower,2014,1650,,4.86,1199.52,58,42.17,10.11,0.91
Chilli,2014,8586,,104.56,2401.41,78.89,22.07,39.7,9.92
Cucumber,2014,2484,,0,419.41,85.55,14.45,10.82,1.41
Green leaves,2014,1938,,0,0,33.49,66.52,6.19,0.99
Lady finger,2014,28,,0,0,100,0,0.08,0.02
Peas,2014,970,,248.56,124.2,114.71,14.69,2.16,4.08
"Pumpkin, squash & gourd",2014,6469,,3.21,71.28,98.96,1.09,21.67,4.12
Mushroom,2014,89.37,,3.28,50.4,65.48,36.93,0.49,0.78
Radish,2014,5021,,214.04,0,104.45,0,15.78,4.89
Tomato,2014,1323,,0.53,2628,33.49,66.52,14.25,2.42
Turnip,2014,9967,,0,0,100,0,32.99,9.24
Apple,2014,7051,,5436.68,52.68,422.98,3.16,2.92,1.4
Areca nut,2014,7468,,7270.44,1288.25,502.62,86.7,3.46,11.83
Ba,2014,1631,,,534.39,75.32,24.68,7.99,4.79
Guava,2014,787,,,17.87,97.78,2.22,2.58,1.76
Jackfruit,2014,1102,,,,100,0,3.99,3.79
Litchi,2014,172,,,,100,0,0.63,0.42
Mandarin,2014,45226,,21148.16,38.55,187.53,0.16,63.96,33.9
Mango,2014,586,,,634.01,48.03,51.97,4.45,2
Papaya,2014,126,,,55.19,69.54,30.46,0.67,0.17
Passion fruits,2014,135,,,,100,0,0.49,0.47
Peach,2014,1435,,,,100,0,4.58,1.51
Pear,2014,1137,,,12.82,98.88,1.12,3.37,1.92
Persimmon,2014,227,,,,100,0,0.84,0.69
Pineapple,2014,54,,,225.15,19.34,80.66,1.03,0.27
Plum,2014,783,,,,100,0,2.5,1.3
Pomegrante,2014,111,,,,100,0,0.38,0.32
Walnut,2014,337,,,,100,0,1.27,3.68
Potato,2014,53612,12785,26849.47,5271.88,167.36,16.46,62.48,41.86
Tapioca,2014,148,677,0,0,100,0,0.5,0.55
Cardamom,2014,1781,8683,746.38,1.54,171.89,0.15,4.03,12.55
Garlic,2014,846,1282,0,27.43,96.86,3.14,2.22,2.89
Ginger,2014,4983,2651,1230.26,3.2,132.67,0.09,11.02,38.24
Barley,2015,1800,2520,,61.39,96.7,3.3,2.16,7.15
Buckwheat,2015,3234,5147,2.13,400,89.05,11.01,11.4,37.63
Maize,2015,83714,56805,0,10977.3,88.41,11.59,117.12,416.95
Millet,2015,1811,3360,,,100,0,2.9,9.86
Rice,2015,80261,49325,6,52977.35,49.62,50.39,399.42,1437.93
Wheat,2015,3730,4845,4889.76,18444.25,20.77,106.46,50.59,184.14
Mustard,2015,925,2422,5.83,1251.47,19.68,80.69,5.8,27.22
Kidney bean,2015,847,1357,8.66,2.18,100.77,0.26,2.96,10.11
Lentil,2015,82,353,118.28,2647.75,3.14,101.39,9.43,32.63
Mungbean,2015,466,921,0,0.21,99.95,0.05,1.72,5.87
Soya bean,2015,220,527,4.8,160.93,58.49,42.79,1.39,4.65
Asparagus,2015,200,,0.31,0,100.15,0,0.53,0.06
Beans,2015,3612,,6.7,331.07,91.76,8.41,12.3,6.15
Brinjal,2015,694,,0,571,54.86,45.14,4.58,0.96
Broccoli,2015,831,,0,26.34,96.93,3.07,2.8,0.95
Bulb Onion,2015,608,,0,3412.08,15.12,84.88,15.04,4.14
Cabbage,2015,5209,,1193.73,1517.93,94.14,27.43,18.99,3.61
Carrot,2015,1094,,486.22,166.33,141.32,21.49,2.46,0.94
Cauliflower,2015,1586,,8.09,1192.89,57.24,43.05,9.7,0.87
Chilli,2015,7173,,15.85,2689.94,72.84,27.32,35.5,8.87
Cucumber,2015,1697,,0,391.46,81.26,18.74,7.67,1
Green leaves,2015,2871,,0,0,19.81,80.2,9.01,1.44
Lady finger,2015,53,,0,0,100,0,0.14,0.04
Peas,2015,1218,,114.93,254.43,89.72,18.74,3.8,7.18
"Pumpkin, squash & gourd",2015,6696,,1,124.03,98.2,1.82,22.26,4.23
Mushroom,2015,22.04,,3.04,101.39,18.31,84.22,0.45,0.72
Radish,2015,5840,,0,0,100,0,19,5.89
Tomato,2015,627,,0.13,2538.71,19.81,80.2,11.59,1.97
Turnip,2015,10423,,0,0,100,0,33.92,9.5
Apple,2015,5308,,3487.84,73.25,280.34,3.87,4.61,2.21
Areca nut,2015,9406,,5922.49,167.29,257.64,4.58,11.1,37.95
Ba,2015,2636,,,682.07,79.44,20.56,12,7.2
Guava,2015,588,,,2.1,99.64,0.36,1.85,1.26
Jackfruit,2015,1227,,,,100,0,4.37,4.15
Litchi,2015,160,,,,100,0,0.58,0.38
Mandarin,2015,15977,,17819.8,93.61,0,0,0,0
Mango,2015,651,,,734.46,46.99,53.01,4.98,2.24
Papaya,2015,214,,,85.67,71.41,28.59,1.09,0.28
Passion fruits,2015,66,,,,100,0,0.23,0.23
Peach,2015,783,,,,100,0,2.46,0.81
Pear,2015,867,,,17.95,97.97,2.03,2.56,1.46
Persimmon,2015,137,,,,100,0,0.5,0.41
Pineapple,2015,64,,,706.13,8.31,91.69,2.88,0.75
Plum,2015,385,,,,100,0,1.21,0.63
Pomegrante,2015,63,,,,100,0,0.21,0.18
Walnut,2015,211,,,,100,0,0.78,2.26
Potato,2015,49359,12008,19907.68,6009.68,139.19,16.95,76.21,51.06
Tapioca,2015,437,293,0,0,100,0,1.46,1.59
Cardamom,2015,2091,10610,845.74,3.4,167.46,0.27,4.78,14.87
Garlic,2015,899,1263,0,36.92,96.05,3.95,2.43,3.16
Ginger,2015,7434,3674,2040.18,1.9,137.78,0.04,15.69,54.46
Barley,2016,1702,2451,,1.5,99.91,0.09,1.88,6.23
Buckwheat,2016,3705,6897,5.9,310,92.41,7.73,12.29,40.55
Maize,2016,82035,56609,0,23302.75,77.88,22.12,128.39,457.05
Millet,2016,1714,3245,,,100,0,2.7,9.18
Rice,2016,83332,53055,5,64355.1,45.7,54.3,443.04,1594.96
Wheat,2016,2521,3717,1495.1,12694.13,17.9,92.72,41.71,151.82
Mustard,2016,887,2395,0.66,889.62,24.77,75.29,4.32,20.28
Kidney bean,2016,994,1565,12.89,0,101.31,0,3.41,11.61
Lentil,2016,96.5,362,81.94,2103.19,4.56,99.31,7.35,25.45
Mungbean,2016,482,952,0,2.66,99.45,0.55,1.75,6
Soya bean,2016,254,544,1.75,1268.35,16.7,83.41,5.67,18.99
Asparagus,2016,239,,0,0,100,0,0.62,0.07
Beans,2016,4409,,20.4,335.84,93.32,7.11,14.47,7.24
Brinjal,2016,585,,0,572,50.56,49.44,4.14,0.87
Broccoli,2016,1004,,0,16.58,98.38,1.62,3.28,1.11
Bulb Onion,2016,414,,0,3502.18,10.57,89.43,14.51,3.99
Cabbage,2016,6685,,1545.29,1381.94,102.5,21.19,21.79,4.14
Carrot,2016,1276,,783.57,171.56,192.17,25.84,1.92,0.73
Cauliflower,2016,2082,,24.33,750.96,74.13,26.74,9.4,0.85
Chilli,2016,9907,,17.05,2253,81.59,18.55,42.74,10.69
Cucumber,2016,1194,,0,435.47,73.28,26.72,5.91,0.77
Green leaves,2016,1937,,0,0,13.84,86.16,5.98,0.96
Lady finger,2016,42,,0,0,100,0,0.11,0.03
Peas,2016,1014,,69.43,399.61,75.44,29.73,3.92,7.4
"Pumpkin, squash & gourd",2016,3671,,0,111.72,97.05,2.95,12.17,2.31
Mushroom,2016,86.11,,4.11,107.42,45.46,56.71,0.67,1.07
Radish,2016,6490,,0,0,100,0,20.77,6.44
Tomato,2016,455,,0,2831.98,13.84,86.16,12,2.04
Turnip,2016,10499,,0,0,100,0,33.61,9.41
Apple,2016,6587,,3789.89,123.13,225.56,4.22,7.77,3.73
Areca nut,2016,9467,,7750.87,218.92,489.24,11.31,4.43,15.17
Ba,2016,3076,,,537.13,85.13,14.87,12.79,7.68
Guava,2016,665,,,1.59,99.76,0.24,2.06,1.4
Jackfruit,2016,775,,,,100,0,2.71,2.58
Litchi,2016,134,,,,100,0,0.47,0.31
Mandarin,2016,42003,,15545.65,100.58,158.16,0.38,73.12,38.75
Mango,2016,644,,,582.67,52.5,47.5,4.3,1.94
Papaya,2016,282,,,73.51,79.32,20.68,1.26,0.33
Passion fruits,2016,120,,,,100,0,0.42,0.41
Peach,2016,972,,,,100,0,3,0.99
Pear,2016,963,,,23.58,97.61,2.39,2.81,1.6
Persimmon,2016,49,,,,100,0,0.18,0.14
Pineapple,2016,67,,,959.63,6.53,93.47,3.8,0.99
Plum,2016,376,,,,100,0,1.16,0.6
Pomegrante,2016,83,,,,100,0,0.28,0.23
Walnut,2016,181,,,,100,0,0.66,1.91
Potato,2016,58820,14638,24443.18,5469.11,147.62,13.73,79.92,53.55
Tapioca,2016,415,278,0,0,100,0,1.36,1.48
Cardamom,2016,2736,11086,1289.01,2.08,188.81,0.14,5.46,16.97
Garlic,2016,1176,1409,0,37.24,96.93,3.07,3.29,4.28
Ginger,2016,10871,4773,3037.68,4.21,138.7,0.05,22.95,79.65
Barley,2017,2005,3421,,0.02,100,0,2.22,7.36
Buckwheat,2017,3480,5817,0,124,96.56,3.44,11.54,38.08
Maize,2017,94052,66042,0,31250.91,75.06,24.94,159.14,566.54
Millet,2017,1739,3623,,,100,0,7.28,24.74
Rice,2017,86385,52368,6,62412.45,47.36,52.64,461.74,1662.26
Wheat,2017,3883,5259,567.46,11609.61,25.77,78,46.97,170.97
Mustard,2017,969,2697,1.91,776.24,29.23,70.95,4.15,19.46
Kidney bean,2017,932,2236,6.3,0,100.68,0,3.26,11.11
Lentil,2017,96.5,457,94.79,2141.25,4.5,99.92,7.81,27.03
Mungbean,2017,298,922,0,1.03,99.66,0.34,1.13,3.86
Soya bean,2017,204,867,40.84,1667.23,11.15,91.09,7.13,23.89
Asparagus,2017,79,,0.09,0,100.11,0,0.21,0.03
Beans,2017,5273,,15.04,0.71,100.27,0.01,16.49,8.25
Brinjal,2017,643,,0,713.19,47.41,52.59,5.07,1.06
Broccoli,2017,1371,,0,13.54,99.02,0.98,4.62,1.57
Bulb Onion,2017,489,,0,3776.47,11.46,88.54,16.44,4.52
Cabbage,2017,10562,,2096.07,1662.9,104.28,16.42,35.18,6.68
Carrot,2017,787,,695.99,266.42,220.18,74.54,1.03,0.39
Cauliflower,2017,3575,,82.15,0,102.35,0,11.6,1.04
Chilli,2017,13606,,18.3,910,93.85,6.28,52.6,13.15
Cucumber,2017,1948,,0,492.05,79.83,20.17,9.19,1.19
Green leaves,2017,4153,,0,0,11.39,88.61,13.36,2.14
Lady finger,2017,26,,0,0,100,0,0.07,0.02
Peas,2017,859,,93.75,347.76,77.18,31.25,3.36,6.34
"Pumpkin, squash & gourd",2017,3171,,0,147.04,95.57,4.43,11.15,2.12
Mushroom,2017,126.02,,4.01,205.18,38.52,62.71,1.22,1.95
Radish,2017,6307,,0,0,100,0,21.03,6.52
Tomato,2017,383,,0,2978.46,11.39,88.61,12.86,2.19
Turnip,2017,13051,,0,0,100,0,43.52,12.18
Apple,2017,8039,,2659.21,185.58,144.45,3.33,17.73,8.51
Areca nut,2017,9342,,5791.86,27.72,261.11,0.77,11.1,37.97
Ba,2017,3113,,,596.23,83.93,16.07,13.7,8.22
Guava,2017,1084,,,2.26,99.79,0.21,3.5,2.38
Jackfruit,2017,528,,,,100,0,1.93,1.83
Litchi,2017,313,,,,100,0,1.15,0.76
Mandarin,2017,28017,,16141.16,86.84,234.2,0.73,28.24,14.97
Mango,2017,530,,,619.19,46.12,53.88,4.24,1.91
Papaya,2017,278,,,79.68,77.72,22.28,1.33,0.34
Passion fruits,2017,94,,,,100,0,0.34,0.33
Peach,2017,1124,,,,100,0,3.62,1.19
Pear,2017,1510,,,41.14,97.35,2.65,4.6,2.62
Persimmon,2017,152,,,,100,0,0.57,0.46
Pineapple,2017,72,,,519.11,12.18,87.82,2.24,0.58
Plum,2017,482,,,,100,0,1.55,0.81
Pomegrante,2017,74,,,,100,0,0.26,0.21
Walnut,2017,239,,,,100,0,0.91,2.63
Potato,2017,57223,12824,24045.32,5281.93,148.79,13.73,85.48,57.27
Tapioca,2017,306,320,0,0,100,0,1.04,1.14
Cardamom,2017,2245,13880,2031.31,0.99,1045.74,0.46,0.84,2.62
Garlic,2017,708,1441,0,61.34,92.03,7.97,1.7,2.21
Ginger,2017,7859,3809,3946.95,1.17,200.83,0.03,10.54,36.58
Barley,2018,929,1715,,0.01,100,0,1,3.31
Buckwheat,2018,1991,4647,3.7,119,94.53,5.65,6.57,21.69
Maize,2018,55259,36836,0,25908.82,68.08,31.92,102.23,363.92
Millet,2018,1071,2760,,,100,0,1.74,5.9
Rice,2018,63890,37268,10,60316.4,40.78,59.23,392.99,1414.76
Wheat,2018,1445,2819,953.87,10975.02,12.4,95.79,36.96,134.52
Mustard,2018,244,1103,0.99,739.55,9.83,90.29,3.14,14.73
Kidney bean,2018,799,1913,6.1,0.41,100.72,0.05,2.76,9.42
Lentil,2018,138,617,112.11,2116.8,6.44,98.79,7.6,26.31
Mungbean,2018,381,1114.5,0,0.19,99.95,0.05,1.42,4.86
Soya bean,2018,107,377,7.4,1926.34,5.28,95.08,7.84,26.26
Asparagus,2018,160,,0,0,100,0,0.43,0.05
Beans,2018,2274,,17.37,1.3,100.71,0.06,7,3.5
Brinjal,2018,245,,0,491.43,33.27,66.73,2.76,0.58
Broccoli,2018,846,,0,19.26,97.77,2.23,2.87,0.97
Bulb Onion,2018,305,,0,3588.24,7.83,92.17,14.94,4.11
Cabbage,2018,4036,,1247.36,1328.81,98.02,32.27,14.26,2.71
Carrot,2018,782,,311.52,255.89,107.66,35.23,2.46,0.93
Cauliflower,2018,1191,,8.65,0,100.73,0,3.9,0.35
Chilli,2018,7133,,20.52,401.49,94.93,5.34,26.96,6.74
Cucumber,2018,1541,,0,385.7,79.98,20.02,7.18,0.93
Green leaves,2018,2049,,0,0,9.01,91.06,6.52,1.04
Lady finger,2018,9,,0,0,100,0,0.02,0.01
Peas,2018,567,,46.69,138.45,86.07,21.02,1.9,3.59
"Pumpkin, squash & gourd",2018,3870,,0,213.2,94.78,5.22,13.6,2.58
Mushroom,2018,39.16,,5.32,219.41,15.46,86.64,0.96,1.54
Radish,2018,3649,,0,0,100,0,12.04,3.73
Tomato,2018,261,,2.15,2636.87,9.01,91.06,11.02,1.87
Turnip,2018,9097,,0,0,100,0,30.02,8.41
Apple,2018,3684,,1293.04,73.58,149.48,2.99,7.71,3.7
Areca nut,2018,11681,,6555.93,206.29,219.1,3.87,17.07,58.38
Ba,2018,2762,,,648.99,80.97,19.03,12.49,7.49
Guava,2018,895,,,2.17,99.76,0.24,2.86,1.94
Jackfruit,2018,566,,,,100,0,2.04,1.94
Litchi,2018,303,,,,100,0,1.11,0.73
Mandarin,2018,26527,,11086.85,86.06,170.85,0.55,42.77,22.67
Mango,2018,850,,,434.81,66.16,33.84,4.56,2.05
Papaya,2018,161,,,78.27,67.29,32.71,0.89,0.23
Passion fruits,2018,93.33,,,,100,0,0.34,0.33
Peach,2018,1135,,,,100,0,3.61,1.19
Pear,2018,1372,,,5.86,99.58,0.42,4.02,2.29
Persimmon,2018,207,,,,100,0,0.76,0.63
Pineapple,2018,279,,,276.9,50.19,49.81,1.85,0.48
Plum,2018,532,,,,100,0,1.69,0.88
Pomegrante,2018,59,,,,100,0,0.2,0.17
Walnut,2018,223,,,,100,0,0.84,2.43
Potato,2018,44278,11131,24983.4,4697.66,184.55,19.58,40.62,27.21
Tapioca,2018,448,389,0,0,100,0,1.51,1.65
Cardamom,2018,1542,21395,1698.03,0.49,-991.38,-0.31,0,0
Garlic,2018,550,874,0,49.06,91.81,8.19,1.52,1.98
Ginger,2018,4260,2156,3368.58,0.85,477.43,0.1,1.13,3.92
Barley,2019,1026,1957,,0.06,99.99,0.01,1.08,3.58
Buckwheat,2019,2350,5116,20.62,121,95.9,4.94,7.59,25.05
Maize,2019,46235,32485,0,17743.18,72.27,27.73,79.64,283.51
Millet,2019,1241,2686,,,100,0,1.99,6.77
Rice,2019,49930,30298,27,61100.75,34.7,65.33,357.51,1287.03
Wheat,2019,1319,2481,1687.84,12607.52,10.7,102.99,37.89,137.92
Mustard,2019,394,1664,1.06,701.31,15.66,84.47,3.13,14.68
Kidney bean,2019,666,1590,4.23,10,99.14,1.49,2.32,7.92
Lentil,2019,55,297,133.5,2141.26,2.67,103.81,7.48,25.87
Mungbean,2019,464,1307,0,0,100,0,1.71,5.86
Soya bean,2019,171,621,9,47.12,81.77,22.53,0.76,2.56
Asparagus,2019,79,,0,0,100,0,0.21,0.03
Beans,2019,2923,,40.33,0,101.4,0,8.83,4.42
Brinjal,2019,300,,0,586.88,33.83,66.17,3.29,0.69
Broccoli,2019,864,,0,36.58,95.94,4.06,2.96,1.01
Bulb Onion,2019,155,,0,3354.12,4.42,95.58,13.4,3.68
Cabbage,2019,6069,,2608.4,1367.93,125.69,28.33,15.99,3.04
Carrot,2019,1374,,957.19,313.42,188.16,42.92,2.17,0.83
Cauliflower,2019,1446,,8.37,0,100.58,0,4.69,0.42
Chilli,2019,7673,,10.96,258.03,96.88,3.26,28.08,7.02
Cucumber,2019,2691,,0,409.97,86.78,13.22,11.4,1.48
Green leaves,2019,2040,,0,0,8.27,91.95,6.43,1.03
Lady finger,2019,23,,0,0,100,0,0.06,0.02
Peas,2019,685,,55.21,159.21,86.82,20.18,2.24,4.24
"Pumpkin, squash & gourd",2019,6043,,0,217.26,96.53,3.47,20.57,3.91
Mushroom,2019,49.44,,5.46,135.81,27.5,75.54,0.67,1.07
Radish,2019,4721,,0,0,100,0,15.42,4.78
Tomato,2019,233,,6.19,2590.79,8.27,91.95,10.63,1.81
Turnip,2019,9293,,0,0,100,0,30.35,8.5
Apple,2019,4321.4,,2922.1,165.73,276.12,10.59,3.86,1.85
Areca nut,2019,16106.78,,5192.3,188.7,145.06,1.7,37.71,128.98
Ba,2019,3753.73,,,856.03,81.43,18.57,16.7,10.02
Guava,2019,1368.88,,,2.27,99.83,0.17,4.32,2.94
Jackfruit,2019,469.17,,,,100,0,1.68,1.59
Litchi,2019,384.69,,,,100,0,1.39,0.92
Mandarin,2019,27529.49,,15110.58,112.07,219.69,0.89,30.17,15.99
Mango,2019,665.66,,,442.3,60.08,39.92,3.93,1.77
Papaya,2019,215.65,,,84.17,71.93,28.07,1.09,0.28
Passion fruits,2019,102.44,,,,100,0,0.37,0.36
Peach,2019,1245.94,,,,100,0,3.93,1.3
Pear,2019,1583.59,,,9.43,99.41,0.59,4.6,2.62
Persimmon,2019,234.56,,,,100,0,0.86,0.7
Pineapple,2019,148.71,,,276.87,34.94,65.06,1.48,0.38
Plum,2019,585.12,,,,100,0,1.84,0.96
Pomegrante,2019,78.85,,,,100,0,0.27,0.22
Walnut,2019,256.11,,,,100,0,0.95,2.76
Potato,2019,43560,10342,26075.52,4910.02,194.51,21.93,37.71,25.26
Tapioca,2019,484,329,0,0,100,0,1.62,1.76
Cardamom,2019,1413,15615,2451.08,0.42,-136.17,-0.04,0,0
Garlic,2019,761,770,0,47.88,94.08,5.92,2.39,3.1
Ginger,2019,6209,2386,2317.75,3.16,159.43,0.08,11.63,40.34
